{"cameraMode":{"drawMode":0,"name":"Shaded","section":"Shading Mode"},"sceneLighting":false,"audioPlay":false,"sceneViewState":{"showFog":true,"showMaterialUpdate":false,"showSkybox":false,"showFlares":true,"showImageEffects":true,"showParticleSystems":true},"in2DMode":false,"pivot":{"x":2.0016207695007326,"y":-0.08203363418579102,"z":-0.05373956635594368},"rotation":{"x":-0.011686904355883599,"y":-0.023094581440091134,"z":-0.0002700513869058341,"w":0.9996649026870728},"size":3.9985549449920656,"orthographic":false}